appliance / storage;CEC03;CEC02B;CEC03B;CEC02;CEC05;CEC04;P00CDAE7
DS8886 75CBP20;X;X;X;X;X;X;
DS8886 75BZZ00;X;X;X;X;X;X;
DS8886F 75KPM10;;;X;X;;;
DS8886F 75KPM30;;;X;X;;;
DS8884 75HHH50;;;;;;X;X
DS8884 75HHH30;;;;;;X;
DS8886 75HKT20;X;X;X;X;;;
DS8886 75HKF20;X;X;X;X;;;
VTS 7760 78H8884;X;X;X;X;X;X;
VTS 7770 78HDG60;;;X;X;X;X;
VTS 7770 78HDCW0;;;X;X;X;X;
VTS 7720 78H7498;X;X;X;X;;;
VTS 7770 78HDB60;;;X;X;;;
VTS 7770 78HDG70;;;X;X;;;
VTS 7720 78H7945;;;;;;X;X
VTS 7760 78H9396;;;;;;X;
VTS 7760 78H9195;;;X;X;;;
VTS 7760 78H0964; ;;X;X;;;
HMC PUP;X;X;X;X;X;X;
HMC B10;X;X;X;X;X;X;
HMC BDC;X;X;X;X;X;X;
